﻿{
   "CodeGenerationMode": 2,
   "ContextClassName": "StudentBillingContext",
   "ContextNamespace": null,
   "DefaultDacpacSchema": null,
   "FilterSchemas": false,
   "IncludeConnectionString": false,
   "ModelNamespace": null,
   "OutputContextPath": "BillingContext",
   "OutputPath": "Models",
   "PreserveCasingWithRegex": true,
   "ProjectRootNamespace": "StudentBilling.Data",
   "Schemas": null,
   "SelectedHandlebarsLanguage": 0,
   "SelectedToBeGenerated": 0,
   "Tables": [
      {
         "Name": "[Billing].[BillingInfos]",
         "ObjectType": 0
      },
      {
         "Name": "[Billing].[PaymentHistory]",
         "ObjectType": 0
      },
      {
         "Name": "[Student].[Students]",
         "ObjectType": 0
      },
      {
         "Name": "[UD].[User]",
         "ObjectType": 0
      }
   ],
   "UiHint": "EC2AMAZ-JSVO307.Test",
   "UncountableWords": null,
   "UseBoolPropertiesWithoutDefaultSql": false,
   "UseDatabaseNames": false,
   "UseDateOnlyTimeOnly": false,
   "UseDbContextSplitting": false,
   "UseFluentApiOnly": true,
   "UseHandleBars": false,
   "UseHierarchyId": false,
   "UseInflector": true,
   "UseLegacyPluralizer": false,
   "UseManyToManyEntity": false,
   "UseNoDefaultConstructor": true,
   "UseNoObjectFilter": false,
   "UseNodaTime": false,
   "UseNullableReferences": false,
   "UseSchemaFolders": false,
   "UseSpatial": false,
   "UseT4": false
}